{
	"frames": {
		"ice-horse-run-00.png": {
			"frame": {
				"x": 1,
				"y": 1,
				"w": 192,
				"h": 144
			},
			"rotated": false,
			"trimmed": false,
			"spriteSourceSize": {
				"x": 0,
				"y": 0,
				"w": 192,
				"h": 144
			},
			"sourceSize": {
				"w": 192,
				"h": 144
			}
		},
		"ice-horse-run-01.png": {
			"frame": {
				"x": 195,
				"y": 1,
				"w": 192,
				"h": 144
			},
			"rotated": false,
			"trimmed": false,
			"spriteSourceSize": {
				"x": 0,
				"y": 0,
				"w": 192,
				"h": 144
			},
			"sourceSize": {
				"w": 192,
				"h": 144
			}
		},
		"ice-horse-run-02.png": {
			"frame": {
				"x": 389,
				"y": 1,
				"w": 192,
				"h": 144
			},
			"rotated": false,
			"trimmed": false,
			"spriteSourceSize": {
				"x": 0,
				"y": 0,
				"w": 192,
				"h": 144
			},
			"sourceSize": {
				"w": 192,
				"h": 144
			}
		},
		"ice-horse-run-03.png": {
			"frame": {
				"x": 583,
				"y": 1,
				"w": 192,
				"h": 144
			},
			"rotated": false,
			"trimmed": false,
			"spriteSourceSize": {
				"x": 0,
				"y": 0,
				"w": 192,
				"h": 144
			},
			"sourceSize": {
				"w": 192,
				"h": 144
			}
		},
		"ice-horse-run-04.png": {
			"frame": {
				"x": 777,
				"y": 1,
				"w": 192,
				"h": 144
			},
			"rotated": false,
			"trimmed": false,
			"spriteSourceSize": {
				"x": 0,
				"y": 0,
				"w": 192,
				"h": 144
			},
			"sourceSize": {
				"w": 192,
				"h": 144
			}
		},
		"ice-horse-run-05.png": {
			"frame": {
				"x": 971,
				"y": 1,
				"w": 192,
				"h": 144
			},
			"rotated": false,
			"trimmed": false,
			"spriteSourceSize": {
				"x": 0,
				"y": 0,
				"w": 192,
				"h": 144
			},
			"sourceSize": {
				"w": 192,
				"h": 144
			}
		},
		"ice-horse-run-06.png": {
			"frame": {
				"x": 1165,
				"y": 1,
				"w": 192,
				"h": 144
			},
			"rotated": false,
			"trimmed": false,
			"spriteSourceSize": {
				"x": 0,
				"y": 0,
				"w": 192,
				"h": 144
			},
			"sourceSize": {
				"w": 192,
				"h": 144
			}
		}
	},
	"meta": {
		"app": "http://www.codeandweb.com/texturepacker",
		"version": "1.0",
		"image": "spritesheet.png",
		"format": "RGBA8888",
		"size": {
			"w": 1358,
			"h": 146
		},
		"scale": "1"
	}
}